,condition
81581211-1bff-4ad6-97fc-543f48a22688,GBM
2facd568-e0e0-4bcd-b9be-f9631b7a7549,GBM
2db02604-00dd-4978-b6cc-72cd94021cda,GBM
0ab80f6a-8139-42a9-886c-e8eb5cc9de88,GBM
3afd536f-bd5e-431b-8524-a9f5fb0c9d7c,GBM
9b4b6b42-09e1-4783-b374-532b9df2e207,GBM
f1df7d1c-907e-4644-ae52-a0b2f208b86f,GBM
bdd09ddd-0307-407b-a83e-256932655994,GBM
1bc318cd-a7a7-4356-915c-29a97a234013,GBM
b7effa07-1b05-412a-a1ef-54d52d795c90,GBM
fdaad4b3-332b-4187-8e0d-c2f639add45c,GBM
8dd168cd-a6d5-47bc-861f-706285f3eedc,GBM
0f1b8440-4376-4861-a4fd-62511a819a97,GBM
a7838bd4-3d34-4433-8e2b-e0c1407f55bc,GBM
5a343fc3-252f-4e80-869c-26ae1e471268,GBM
005b79ce-22fd-4575-9271-a41bfebc94d3,GBM
996163f5-7bab-4850-be46-d11f15a33f81,GBM
5586e0ed-a966-418a-96f8-dbef3c08033f,GBM
f66cf332-b2b6-4acd-a53f-edfabc23a9fd,GBM
622926d3-62e6-48f3-b4fa-5f8eb73ec25d,GBM
43eb433d-6b85-4aee-8ce2-d3faa8540fca,GBM
dd08dd11-37ef-4739-a2df-ff78ff930368,GBM
4e83f0d1-c225-4d25-9e8e-d443999493d4,GBM
2671b18f-f4b9-4235-974c-3410ae043726,GBM
a875d8c4-b0b2-485f-80e5-b05d27f7c405,GBM
905aab99-b8f4-4769-a3eb-4b5d570fffaf,GBM
a2584bf9-babf-4c86-aa11-bb2abb773223,GBM
dba18b8e-3cc1-414e-b09c-37c2fdc1ce4b,GBM
382d5298-8c0d-40bf-9391-b962f037c04a,GBM
46737a37-49e8-4320-92b7-16793c54fb92,GBM
83c9a6d9-eb15-4393-98a2-9998992f7ed0,GBM
1b32ed8c-74eb-4b2b-8383-fb090bdbcd17,GBM
4b05fe2e-87b4-4a0e-9d8f-bca88c29b58e,GBM
0fdb2f1a-f0d9-4ae6-9de4-98aa7b846330,GBM
96255c92-73ff-4d4c-a7cd-e30dfbdac5f6,GBM
5133f0f8-a82d-4120-95ee-36c4a9e32984,GBM
ff764b0c-5f54-4097-8db1-fd40399109b6,GBM
99747246-678d-4e27-92e3-2ac12b29af87,GBM
6dcbddc4-d2c7-4af3-a1e8-cfe0489d6645,GBM
c3f20523-ca78-45ef-a3fb-185155bf5fdd,GBM
9d47a324-71ed-4603-a27a-dbd367afd1b1,GBM
1a8d12a2-8bff-41b8-90d0-cbff56ce2554,GBM
a93d22ba-5cfa-4359-ae53-3309ced4e12a,GBM
0dbfa70d-2a0d-41c4-aca6-b8df6394bb9c,GBM
3f492a04-12ca-4dd8-a1ee-aac7d7fc838a,GBM
ce2fdfbf-dbf4-44df-a57e-4b55dc211462,GBM
65d28268-f99b-438e-8798-ed43028ba352,GBM
c8398298-5e40-406e-b2c9-b8bf5b165d21,GBM
6dc7a729-e805-4a78-a030-f566d63d6dfa,GBM
afb49d12-b739-4e85-9ea9-24f23bd1036d,GBM
e3c96dfa-2889-46b7-a3ae-f56db7f6c741,GBM
f4cd99ac-f7e2-4b64-9b4a-010fbcadd971,GBM
430be898-3654-437c-9b75-4193bd2106cc,GBM
599c37da-7569-4f52-9818-5e6ec3757589,GBM
f413e336-c424-42a8-9350-83f3dd151889,GBM
895d662e-2515-42e0-855b-f7c23f9d7a53,GBM
58b46c1f-1c42-4329-a011-532c631ffbfd,GBM
27ad3b30-97ff-44a4-89f7-5233a3c3596e,GBM
327f345c-d942-4845-b42e-98a3f79d03be,GBM
a37a71d0-a7d4-4a12-8be7-02b24311261f,GBM
44a5dbf8-1ad4-4f4b-ad4e-9e688e0e670d,GBM
32efa7e7-4263-47f6-ad05-f96b45c5c8af,GBM
3c9d8427-5b18-4743-b004-93c6a128f988,GBM
d6221d0f-b177-4380-a987-924dc5d1e99b,GBM
ca15c78e-f808-4173-85a2-fc3e1243a523,GBM
747955e9-73b8-4760-831a-aedcca1f388a,GBM
5cea239b-1e6b-4c38-9c0a-f8166cd3924c,GBM
84976428-d754-441f-9564-8a693513d44d,GBM
09c4a41f-bd36-4012-af42-bcce4e7aa622,GBM
437aec8f-423e-47a2-b129-6b4ba114f3ee,GBM
16f12031-c4a4-46e1-98a2-2c20dbadf3d9,GBM
ccd4322c-4b9b-49a9-8c1f-810d0e7c2165,GBM
104de72f-7f50-416f-9133-78419d64bfd2,GBM
da4abc56-9541-4b76-998e-2ba601fbe9fb,GBM
7233071b-a349-48c9-8609-57537ec6fc6d,GBM
476eaea9-6477-420e-ba9c-b6c361f867e0,GBM
27c9188b-2840-4286-b197-cecc854b5899,GBM
8413be23-0ccf-476c-b371-c150d6d0a720,GBM
f9c72d96-55ce-48f9-a0ab-ec19a00e8017,GBM
31ea1196-cc47-497c-b003-d97e27bd7db6,GBM
340464ee-c62d-42a7-9e87-351b570d1491,GBM
69ab9294-e6f5-43cd-9fb8-fea6dcb55d8d,GBM
574d58f5-dfcd-470d-a8fd-bf43b2996401,GBM
5b9e8a2b-ebe5-4caf-9144-ec6d3ea6c4cd,GBM
86fcf407-28f7-481d-bc6d-760736228a70,GBM
afb84018-67dd-49c4-9dea-c79ade77b3ab,GBM
51c4f34b-7858-4d32-8740-06fcd215c96b,GBM
9bf0796c-24fe-4c86-9947-a4fac2083ed3,GBM
fcf1c18e-d1ee-4d30-96c6-ac8b656709ca,GBM
a5dec952-c449-4fc5-80f0-85a2246884bf,GBM
1245b825-e644-4e49-ab63-12d51d491fbf,GBM
3ec7cb42-3f03-460d-8b2b-d6a791c81474,GBM
8f499d98-c8f8-4eb7-8248-04a1f170ab61,GBM
166baf7b-6f56-4108-b9b2-191a623f6092,GBM
45b0d6c6-78a6-4f3c-b528-9e61eaf5488b,GBM
cbbcfc91-9565-41a0-abaf-27ad59c67346,GBM
fb115f60-9ee3-4c94-bca8-464e6fd5f31a,GBM
a04f3d93-73c6-4bd3-803c-160b3644f979,GBM
25057577-dd00-4af4-a6e2-e73484ad5693,GBM
506811f1-4beb-4696-852f-df0d9f928ef9,GBM
802e0622-e392-49f2-bb57-4d1e13983467,GBM
6a97a580-2e26-4e47-b70f-75e3f85fbdcd,GBM
a7f1d5f7-221e-4ce7-9e91-ede68059dc8d,GBM
74b09f86-ab8e-4486-a6e5-35dc41a7dd63,GBM
517e37c3-64f8-40fa-8b6c-3c74e423ea1a,GBM
a301ef61-2edf-4ac5-983f-abf02d821bee,GBM
b2d1e197-8003-4751-8d87-448fbdd1c597,GBM
5e1f5493-31aa-467b-b783-9da91bee8ed5,GBM
50cede27-a601-4fea-9a86-99c2ca67b1f5,GBM
a2b8d2a0-2051-482f-9b8d-bb1fcb4b1560,GBM
a499340b-a7e7-46a5-8314-eacf942c0a52,GBM
936b45e8-3c7b-4e69-b58c-562a298685dc,GBM
94ead061-1dea-4473-b9b6-913d624dc1e9,GBM
f3584614-45c7-412e-abf4-2b18e0a486d2,GBM
d88e1ef5-3e4b-4c03-8da0-dfec2ee1b5b6,GBM
1fbd55b4-c08b-44b8-940e-6538cc79ef68,GBM
2f307d01-6813-4168-963e-aaed5fd7124c,GBM
ec2d0058-a74a-46f2-a30b-b840c7195da0,GBM
47bca602-b2bb-4163-8b9e-a09614a86ec1,GBM
98c25ff6-5826-4956-87ca-fc3f89595d09,GBM
91735efa-de65-48f4-bbee-3b4c24bc98f3,GBM
ab34b939-54f1-4c1b-b657-2fc0d6815323,GBM
fb35a846-ba5d-42e3-9465-b6acb4e724ce,GBM
6f1cdd45-5979-4dfc-9ba0-282d79147768,GBM
b84b3c0b-00dd-4f2a-872a-18547f885544,GBM
d51652aa-0acf-483e-a90e-6d6dee0a86a8,GBM
f9c8bc98-be22-40d7-aa90-917a699b2c8a,GBM
a47a849d-cfed-4b4a-a52a-4748f024ab02,GBM
4f98b2f7-0c0e-469f-b2df-4a0d29a51b80,GBM
1deb3f46-cea3-4f49-925b-951eddd0ba88,GBM
24c3cadc-355f-43b7-a8a3-d8b5b1c3fe30,GBM
5b664467-3c27-4bf4-90f8-4f518a153dd8,GBM
ff022aa7-0d1b-4efe-9e0e-72dd0fcd892f,GBM
5bbc662c-9cad-4613-914e-41801669d647,GBM
4a6f99f6-2591-42b4-8459-217191d32690,GBM
04486900-5d91-4ec8-8387-a3b80f8dc5f0,GBM
37b52f8c-1c83-489b-9332-c498cb889414,GBM
8302cb96-bb39-4394-a2dd-45e38d5a536e,GBM
25121daf-8087-42a4-a445-9fe2557431e0,GBM
4b42ae00-7d74-4b51-894d-fcdd522805a9,GBM
7128c285-2433-4682-9191-ae3741e0da2c,GBM
2fb43643-4dc3-41b3-a299-815f5c8b0d72,GBM
5c5b231f-5f96-4a4e-8020-a48218ec780a,GBM
02383b35-4baa-4875-9127-fcdd2707977c,GBM
b3cde840-6a5d-495e-87b3-bd1ffcedd3a0,GBM
87e36301-fe72-41da-bea6-759eb9c481a6,GBM
c0a30779-85f7-4c94-8902-14aea9cda83f,GBM
4a32c0be-51b4-4da4-b90c-542616af6e6b,GBM
cd0b583f-350f-4c64-9b80-92f48d2fcf99,GBM
87f34b1f-606e-4e7d-90c4-ed291e89a90d,GBM
bb77a730-1483-4764-906c-b67a65cd5398,GBM
4626c11e-e217-483c-94b2-7000f3afe2f6,GBM
38b1cd29-bfb1-4cb0-8f12-ae08d7791858,GBM
dc8f7dea-e281-4648-9487-e99b9a48d871,GBM
c25a3ea3-a975-441e-a9ac-d4f3d970d914,GBM
a6ec82bd-3bcd-445f-9e78-7dd5f329df0d,GBM
96641f1b-da02-4490-9f79-67991abd1f5c,GBM
61166de5-e801-4ee5-88b7-1a9a085c1dc4,GBM
289e0c97-ef33-4e86-8255-ad09bf3f44cd,GBM
c21f6eeb-e014-4a5e-90fd-930e6225e693,GBM
62a23bb9-be3e-4e5b-8faf-ece06c60a4d9,GBM
42bbb410-9ac4-4801-bfaa-b10ad00a0a45,GBM
5c103fde-ce23-4090-839d-5801fa7cdd16,GBM
77ee6d80-f2f8-4fc1-ad07-f7446e46764d,GBM
eb51e7b1-db5f-405d-9b1e-0b123dfd97e6,GBM
789b7e3a-9149-401f-843d-2c17f06b932c,GBM
2a4316c2-b109-420e-be04-8052c3d4a9a3,GBM
a7237889-60ae-4b7f-975e-0a1bcd1ddaf9,GBM
977ca833-c6cc-4e78-b081-d4e52bedaf60,GBM
3c21f319-f324-48a7-bce9-d3b5f9b76993,GBM
1bcf2631-5447-4e4f-bbac-c43dcc55131e,GBM
648e135c-b905-4eb6-9a13-3ba65e4ad2af,GBM
481fa577-2de1-4a49-9ee3-ad86b26a7fb5,GBM
eadd55dc-faa4-4d64-886f-768190967ea3,GBM
7011b243-964d-43f0-978a-97fa3a0eec4b,GBM
8b798cfc-2040-4709-9089-fdc7c83b4b51,GBM
d793e185-2b3b-4780-a43e-f8cbb0543be8,GBM
f1543bac-5876-406f-9c2d-9e21399ece17,GBM
d2c9c292-43c8-4d64-8b4a-5d1d06e4a781,GBM
ee8feffb-6b6e-461c-9e91-7db700ca5ea9,GBM
8762e826-22b0-4539-84c7-2a76aade09be,GBM
49c3c401-6884-4046-acd6-4691ab29069f,GBM
30901dfb-5d00-42d0-bf04-22194bba73d7,GBM
705a7ed2-dd06-4197-a894-13c890deb29b,GBM
12ecbdc2-76c1-4c5a-b6e3-510d4c05785f,GBM
2b789888-42a5-44e2-90b9-76bf9f99b99d,GBM
cb6d1cb9-0b4b-4938-902b-39d02b07faf7,GBM
11998f08-1056-4823-8d79-c145fdf911c9,GBM
2863e605-60a9-4210-a3ac-7bebee7f1017,GBM
bbf9ac2f-d194-4299-ba75-53a84cbe4950,GBM
5c8c19b4-ebdc-4a15-8232-fc54a7e925ea,GBM
4a867a48-5798-45d8-8406-c3f294cc9ee7,GBM
b8975a21-cacf-4df2-bdf2-40ac859d84a2,GBM
dce9a213-293c-475f-8cdd-68146abd8269,GBM
0cc4a23f-133c-4493-af38-b6b118bfafdd,GBM
2cccc6c8-9dac-4407-b390-e643b614fb28,GBM
cc47934d-2a0e-4e67-8654-253ac517dc81,GBM
40c42d4f-60c8-4732-b8f0-22bf4773305d,GBM
c09b1389-568a-4033-9505-e64e0cea4d00,GBM
05f392ef-b100-4565-8009-d41e03f1223f,GBM
87c80914-6a9f-405c-a143-01ccb2423759,GBM
ee21e2fc-c6c7-4e7f-bbab-4e46d27b0c5f,GBM
4442ed8c-7c3a-423c-9f23-6c5233070aad,GBM
8ed436d4-a871-492b-aead-92d2bd0ae626,GBM
3f5e42a8-7295-4a29-9bca-771a361324ab,GBM
6e91f74d-38d4-4372-a625-6e1703184624,GBM
d180dbc6-9373-413c-9d29-0b433f2306d8,GBM
13dfadb6-2008-4e91-9b54-35441d1d0035,GBM
3542bc9c-ce17-4129-90fe-b1bfee35e00d,GBM
2b9cea64-a54a-42c9-82c2-be1cc4d319cb,GBM
41685739-a882-4a17-8ee5-71c1595bf9f3,GBM
f1d581f6-9361-4c90-ba5e-5631341a10a4,GBM
dfa2f000-a25f-4fba-a811-ecda0f6e82ee,GBM
db8e4fa4-97df-4b38-92eb-4c1a048e720e,GBM
7024e80d-ec80-4399-ae2a-8a8493f54ed1,GBM
299ce7ef-d929-4311-ad76-ba5938c46ebd,GBM
9c1e585a-ae7a-42b2-a793-2f73b569bdca,GBM
ec62970a-b36f-4924-b508-af1903c66383,GBM
a5fb29e0-96b5-4635-ae50-589290ca2245,GBM
56f0c57e-8469-49ee-b015-01e2ab4d2be7,GBM
169d443f-d12e-4104-a2b0-f9e01e300031,GBM
7bd0a15f-202f-44c4-8947-8ba06fa2e9a2,GBM
b03c6a4e-0ab1-4763-979f-d9f65f42927b,GBM
c8b55027-80ef-4748-940a-1c97e0e12116,GBM
c951618d-5ab1-4874-bb87-d3c16a28d791,GBM
903c0f4f-afe7-4fde-ab65-6622de9ce76c,GBM
370c4093-a738-4487-8f5f-e96476fc7d28,GBM
3f73f935-e281-4705-a6d4-18123ec3a4d9,GBM
7e43cd55-3d6f-4fe8-bf9d-ab2dffc0d97d,GBM
e690556f-476e-48f3-b1b5-bc04c26614bc,GBM
dd262648-2f73-4b4f-aac5-5a2c5f2c6dc5,GBM
545ce631-7b55-4c89-9417-148763c4ab0c,GBM
59513d77-0829-482a-b400-786739b20d2f,GBM
6baf3bf3-ff4d-44be-8e17-4357aa0c7649,GBM
e4849427-d3e6-4a19-bc77-00757e13d336,GBM
03313b31-f1a5-4379-bad9-9e46eea470d6,GBM
0d7ea8df-2d35-4e15-bbef-4eb3d884d9c7,GBM
d34bd8f0-1550-4be0-a5c7-4421e171ed00,GBM
GTEX-NPJ7,Normal
GTEX-P44H,Normal
GTEX-Q2AG,Normal
GTEX-QVJO,Normal
GTEX-UTHO,Normal
GTEX-WVLH,Normal
GTEX-Y8DK,Normal
