sample_id,condition,dataset
C3L-00104,Tumor,CPTAC
C3L-00365,Tumor,CPTAC
C3L-00674,Tumor,CPTAC
C3L-00677,Tumor,CPTAC
C3L-01040,Tumor,CPTAC
C3L-01043,Tumor,CPTAC
C3L-01045,Tumor,CPTAC
C3L-01046,Tumor,CPTAC
C3L-01048,Tumor,CPTAC
C3L-01049,Tumor,CPTAC
C3L-01061,Tumor,CPTAC
C3L-01142,Tumor,CPTAC
C3L-01146,Tumor,CPTAC
C3L-01149,Tumor,CPTAC
C3L-01154,Tumor,CPTAC
C3L-01155,Tumor,CPTAC
C3L-01156,Tumor,CPTAC
C3L-01157,Tumor,CPTAC
C3L-01327,Tumor,CPTAC
C3L-01834,Tumor,CPTAC
C3L-01887,Tumor,CPTAC
C3L-02041,Tumor,CPTAC
C3L-02465,Tumor,CPTAC
C3L-02504,Tumor,CPTAC
C3L-02542,Tumor,CPTAC
C3L-02642,Tumor,CPTAC
C3L-02704,Tumor,CPTAC
C3L-02705,Tumor,CPTAC
C3L-02707,Tumor,CPTAC
C3L-02708,Tumor,CPTAC
C3L-02900,Tumor,CPTAC
C3L-02955,Tumor,CPTAC
C3L-02970,Tumor,CPTAC
C3L-02984,Tumor,CPTAC
C3L-03260,Tumor,CPTAC
C3L-03266,Tumor,CPTAC
C3L-03387,Tumor,CPTAC
C3L-03390,Tumor,CPTAC
C3L-03392,Tumor,CPTAC
C3L-03400,Tumor,CPTAC
C3L-03405,Tumor,CPTAC
C3L-03407,Tumor,CPTAC
C3L-03681,Tumor,CPTAC
C3L-03727,Tumor,CPTAC
C3L-03728,Tumor,CPTAC
C3L-03744,Tumor,CPTAC
C3L-03748,Tumor,CPTAC
C3L-03968,Tumor,CPTAC
C3L-04084,Tumor,CPTAC
C3N-00661,Tumor,CPTAC
C3N-00662,Tumor,CPTAC
C3N-00663,Tumor,CPTAC
C3N-00665,Tumor,CPTAC
C3N-01192,Tumor,CPTAC
C3N-01196,Tumor,CPTAC
C3N-01334,Tumor,CPTAC
C3N-01364,Tumor,CPTAC
C3N-01366,Tumor,CPTAC
C3N-01367,Tumor,CPTAC
C3N-01368,Tumor,CPTAC
C3N-01369,Tumor,CPTAC
C3N-01505,Tumor,CPTAC
C3N-01515,Tumor,CPTAC
C3N-01517,Tumor,CPTAC
C3N-01518,Tumor,CPTAC
C3N-01798,Tumor,CPTAC
C3N-01814,Tumor,CPTAC
C3N-01815,Tumor,CPTAC
C3N-01816,Tumor,CPTAC
C3N-01818,Tumor,CPTAC
C3N-01851,Tumor,CPTAC
C3N-01852,Tumor,CPTAC
C3N-01856,Tumor,CPTAC
C3N-01857,Tumor,CPTAC
C3N-02181,Tumor,CPTAC
C3N-02183,Tumor,CPTAC
C3N-02185,Tumor,CPTAC
C3N-02186,Tumor,CPTAC
C3N-02188,Tumor,CPTAC
C3N-02190,Tumor,CPTAC
C3N-02255,Tumor,CPTAC
C3N-02256,Tumor,CPTAC
C3N-02769,Tumor,CPTAC
C3N-02770,Tumor,CPTAC
C3N-02782,Tumor,CPTAC
C3N-02783,Tumor,CPTAC
C3N-02784,Tumor,CPTAC
C3N-02785,Tumor,CPTAC
C3N-02786,Tumor,CPTAC
C3N-02788,Tumor,CPTAC
C3N-03070,Tumor,CPTAC
C3N-03088,Tumor,CPTAC
C3N-03180,Tumor,CPTAC
C3N-03182,Tumor,CPTAC
C3N-03183,Tumor,CPTAC
C3N-03184,Tumor,CPTAC
C3N-03186,Tumor,CPTAC
C3N-03188,Tumor,CPTAC
C3N-03473,Tumor,CPTAC
GTEX-1117F-3226-SM-5N9CT,Normal,GTEx
GTEX-111FC-3126-SM-5GZZ2,Normal,GTEx
GTEX-1128S-2726-SM-5H12C,Normal,GTEx
GTEX-117XS-3026-SM-5N9CA,Normal,GTEx
GTEX-1192X-0011-R10a-SM-DO941,Normal,GTEx
GTEX-1192X-3126-SM-5N9BY,Normal,GTEx
GTEX-11DXW-1126-SM-5H12Q,Normal,GTEx
GTEX-11DXY-0011-R10b-SM-DO12C,Normal,GTEx
GTEX-11DXY-3226-SM-5GIDE,Normal,GTEx
GTEX-11DYG-0011-R10b-SM-DNZZO,Normal,GTEx
GTEX-11DZ1-0011-R10b-SM-DO943,Normal,GTEx
GTEX-11EI6-0011-R10a-SM-DO93R,Normal,GTEx
GTEX-11EI6-3026-SM-5GZZO,Normal,GTEx
GTEX-11EMC-0011-R10a-SM-DNZZJ,Normal,GTEx
GTEX-11EMC-3226-SM-5EGKW,Normal,GTEx
GTEX-11GS4-3126-SM-5A5LH,Normal,GTEx
GTEX-11GSO-2926-SM-5HL73,Normal,GTEx
GTEX-11GSP-0011-R10a-SM-5NQ7J,Normal,GTEx
GTEX-11GSP-3226-SM-5986O,Normal,GTEx
GTEX-11H98-0011-R10b-SM-5NQ98,Normal,GTEx
GTEX-11NUK-2926-SM-5A5MD,Normal,GTEx
GTEX-11NV4-2126-SM-5N9DS,Normal,GTEx
GTEX-11O72-2926-SM-5BC4V,Normal,GTEx
GTEX-11OC5-0726-SM-5P9JK,Normal,GTEx
GTEX-11OF3-2926-SM-5HL78,Normal,GTEx
GTEX-11ONC-2926-SM-5P9JM,Normal,GTEx
GTEX-11PRG-0011-R10b-SM-DO93G,Normal,GTEx
GTEX-11PRG-2926-SM-5987A,Normal,GTEx
GTEX-11TTK-0011-R10b-SM-DO925,Normal,GTEx
GTEX-11TTK-2926-SM-5PNYP,Normal,GTEx
GTEX-11TUW-0011-R10a-SM-DO924,Normal,GTEx
GTEX-11WQC-0011-R10a-SM-57WCT,Normal,GTEx
GTEX-11WQK-0011-R10a-SM-5BC6R,Normal,GTEx
GTEX-11WQK-3026-SM-5EQL6,Normal,GTEx
GTEX-11ZTS-0011-R10a-SM-DO93S,Normal,GTEx
GTEX-11ZUS-2926-SM-5FQSL,Normal,GTEx
GTEX-12126-0011-R10b-SM-5BC6T,Normal,GTEx
GTEX-12126-1026-SM-5P9JJ,Normal,GTEx
GTEX-12WSA-0011-R10b-SM-5P9ET,Normal,GTEx
GTEX-12WSA-2926-SM-5EQ4D,Normal,GTEx
GTEX-12WSC-0011-R10a-SM-5GU57,Normal,GTEx
GTEX-12WSC-3026-SM-5GCNF,Normal,GTEx
GTEX-12WSD-3126-SM-5HL7P,Normal,GTEx
GTEX-12WSE-0011-R10b-SM-5P9JV,Normal,GTEx
GTEX-12WSF-0011-R10a-SM-5LZVH,Normal,GTEx
GTEX-12WSF-3126-SM-6M478,Normal,GTEx
GTEX-12WSH-0011-R10a-SM-5LZUS,Normal,GTEx
GTEX-12WSH-3026-SM-5CVNI,Normal,GTEx
GTEX-12WSM-0011-R10a-SM-5DUWV,Normal,GTEx
GTEX-12ZZW-0011-R10b-SM-5HL9X,Normal,GTEx
GTEX-12ZZW-2926-SM-5LZUP,Normal,GTEx
GTEX-12ZZX-0011-R10b-SM-5DUWK,Normal,GTEx
GTEX-12ZZX-2926-SM-5GCOQ,Normal,GTEx
GTEX-12ZZY-0011-R10b-SM-5HL7W,Normal,GTEx
GTEX-12ZZY-3026-SM-5GCOU,Normal,GTEx
GTEX-12ZZZ-0011-R10a-SM-5P9HC,Normal,GTEx
GTEX-12ZZZ-3026-SM-5BC67,Normal,GTEx
GTEX-1313W-0011-R10b-SM-5DUXA,Normal,GTEx
GTEX-1313W-3126-SM-5LZUI,Normal,GTEx
GTEX-131XH-0011-R10a-SM-5EGLJ,Normal,GTEx
GTEX-131XW-0011-R10a-SM-5DUVA,Normal,GTEx
GTEX-131XW-3126-SM-5LZUC,Normal,GTEx
GTEX-131YS-0011-R10b-SM-5EQ5N,Normal,GTEx
GTEX-131YS-3126-SM-5KLYT,Normal,GTEx
GTEX-132Q8-0011-R10b-SM-5DUWZ,Normal,GTEx
GTEX-132Q8-3026-SM-5PNVG,Normal,GTEx
GTEX-1399T-3026-SM-5KLZC,Normal,GTEx
GTEX-139T8-1026-SM-5J2MC,Normal,GTEx
GTEX-139TS-0011-R10a-SM-5K7TU,Normal,GTEx
GTEX-13CZV-0011-R10b-SM-5LZYD,Normal,GTEx
GTEX-13FHO-0011-R10b-SM-5J2MM,Normal,GTEx
GTEX-13FHO-3026-SM-5J1O9,Normal,GTEx
GTEX-13FHP-3026-SM-5IJBS,Normal,GTEx
GTEX-13FLV-0011-R10b-SM-5LZZ2,Normal,GTEx
GTEX-13FLW-0011-R10b-SM-5LZZF,Normal,GTEx
GTEX-13FLW-1426-SM-5K7YE,Normal,GTEx
GTEX-13FTZ-0011-R10b-SM-5KLZS,Normal,GTEx
GTEX-13FXS-0011-R10a-SM-5J2MA,Normal,GTEx
GTEX-13FXS-3126-SM-5J2NN,Normal,GTEx
GTEX-13G51-0011-R10b-SM-5LZYF,Normal,GTEx
GTEX-13G51-3026-SM-5IJB8,Normal,GTEx
GTEX-13IVO-0011-R10a-SM-5LZY3,Normal,GTEx
GTEX-13IVO-2926-SM-5L3CZ,Normal,GTEx
GTEX-13JUV-0011-R10b-SM-5LZXR,Normal,GTEx
GTEX-13JUV-2926-SM-5LZX7,Normal,GTEx
GTEX-13JVG-0011-R10b-SM-5KM2P,Normal,GTEx
GTEX-13JVG-3126-SM-5L3FH,Normal,GTEx
GTEX-13N1W-0011-R10b-SM-5MR4H,Normal,GTEx
GTEX-13N2G-0011-R10a-SM-5MR34,Normal,GTEx
GTEX-13NYB-0011-R10a-SM-5KM43,Normal,GTEx
GTEX-13NYB-3026-SM-5IJD7,Normal,GTEx
GTEX-13NYC-2826-SM-5K7WR,Normal,GTEx
GTEX-13NYS-0011-R10a-SM-5MR4S,Normal,GTEx
GTEX-13NYS-3126-SM-5KLYV,Normal,GTEx
GTEX-13NZA-0011-R10b-SM-5KM54,Normal,GTEx
GTEX-13O3O-0011-R10a-SM-5LUA9,Normal,GTEx
GTEX-13O3O-3126-SM-5KM3H,Normal,GTEx
GTEX-13O3Q-0011-R10b-SM-5KM39,Normal,GTEx
GTEX-13O3Q-2926-SM-5KM45,Normal,GTEx
GTEX-13OVH-3026-SM-5MR4N,Normal,GTEx
GTEX-13OVJ-0011-R10b-SM-5L3HT,Normal,GTEx
GTEX-13OVJ-2826-SM-5L3GW,Normal,GTEx
GTEX-13OVL-0011-R10a-SM-5L3GS,Normal,GTEx
GTEX-13OW6-0011-R10a-SM-5L3HE,Normal,GTEx
GTEX-13OW6-3026-SM-5J2MI,Normal,GTEx
GTEX-13OW7-0011-R10a-SM-5L3H3,Normal,GTEx
GTEX-13OW7-3026-SM-5L3GY,Normal,GTEx
GTEX-13OW8-0011-R10a-SM-5L3H6,Normal,GTEx
GTEX-13OW8-2826-SM-5L3GC,Normal,GTEx
GTEX-13PL6-3126-SM-5LUAR,Normal,GTEx
GTEX-13PVQ-3026-SM-5SI93,Normal,GTEx
GTEX-13QIC-0011-R10a-SM-5O9C7,Normal,GTEx
GTEX-13QIC-2926-SM-5J2NF,Normal,GTEx
GTEX-13QJC-0011-R10a-SM-5SI63,Normal,GTEx
GTEX-13RTJ-0011-R10b-SM-5O9CW,Normal,GTEx
GTEX-13S7M-0011-R10b-SM-5PNZB,Normal,GTEx
GTEX-13S7M-3126-SM-5RQJQ,Normal,GTEx
GTEX-13SLW-0011-R10a-SM-5S2UI,Normal,GTEx
GTEX-13SLX-0011-R10a-SM-5P9HV,Normal,GTEx
GTEX-13SLX-3126-SM-5S2Q5,Normal,GTEx
GTEX-13VXU-2926-SM-5LU5C,Normal,GTEx
GTEX-13X6I-0011-R10a-SM-5PNWI,Normal,GTEx
GTEX-13X6J-0011-R10b-SM-5PNWA,Normal,GTEx
GTEX-13X6J-3026-SM-5Q5CU,Normal,GTEx
GTEX-13X6K-0011-R10a-SM-5P9JR,Normal,GTEx
GTEX-13X6K-2926-SM-5Q5D5,Normal,GTEx
GTEX-1445S-0011-R10a-SM-5PNWB,Normal,GTEx
GTEX-1445S-3026-SM-5O9BR,Normal,GTEx
GTEX-144FL-3026-SM-5O99C,Normal,GTEx
GTEX-144GL-3026-SM-5Q5CW,Normal,GTEx
GTEX-145LS-0011-R10a-SM-5PNUQ,Normal,GTEx
GTEX-145LS-3126-SM-5Q5BY,Normal,GTEx
GTEX-145LU-0011-R10a-SM-5PNWJ,Normal,GTEx
GTEX-145MF-2726-SM-5O995,Normal,GTEx
GTEX-145MG-0011-R10a-SM-5PNWG,Normal,GTEx
GTEX-145MG-3026-SM-5RQJA,Normal,GTEx
GTEX-145MH-0011-R10b-SM-5PNUK,Normal,GTEx
GTEX-145MH-3026-SM-5Q5DZ,Normal,GTEx
GTEX-145MI-0011-R10a-SM-5PNZD,Normal,GTEx
GTEX-14753-0011-R10b-SM-5S2WE,Normal,GTEx
GTEX-1477Z-0011-R10b-SM-5S2RF,Normal,GTEx
GTEX-147F4-0011-R10b-SM-5S2WC,Normal,GTEx
GTEX-147GR-0011-R10b-SM-5S2UM,Normal,GTEx
GTEX-147GR-3026-SM-5S2ML,Normal,GTEx
GTEX-14A5I-2926-SM-5Q5CQ,Normal,GTEx
GTEX-14ASI-0011-R10b-SM-5S2VZ,Normal,GTEx
GTEX-14ASI-3026-SM-5S2PN,Normal,GTEx
GTEX-14BIL-0011-R10a-SM-5SI75,Normal,GTEx
GTEX-14BIL-3026-SM-7EWD4,Normal,GTEx
GTEX-14BIM-3026-SM-7EWCY,Normal,GTEx
GTEX-14BIN-0011-R10a-SM-5S2UA,Normal,GTEx
GTEX-14BIN-3226-SM-62LDR,Normal,GTEx
GTEX-14BMV-3026-SM-5S2PQ,Normal,GTEx
GTEX-14C39-3126-SM-5ZZW6,Normal,GTEx
GTEX-14C5O-0011-R10a-SM-6872F,Normal,GTEx
GTEX-14C5O-3026-SM-5YYB2,Normal,GTEx
GTEX-14DAQ-3126-SM-62LDS,Normal,GTEx
GTEX-14E6D-0011-R10a-SM-5YY9C,Normal,GTEx
GTEX-14E7W-0011-R10a-SM-5YYAX,Normal,GTEx
GTEX-14JG1-3026-SM-5YYAA,Normal,GTEx
GTEX-14JIY-0011-R10a-SM-6AJAO,Normal,GTEx
GTEX-14JIY-2926-SM-69LPT,Normal,GTEx
GTEX-14LZ3-0011-R10b-SM-6AJA9,Normal,GTEx
GTEX-14LZ3-3026-SM-5ZZVU,Normal,GTEx
GTEX-14PJM-0011-R10a-SM-686ZP,Normal,GTEx
GTEX-14PJM-3126-SM-6EU2R,Normal,GTEx
GTEX-14PJO-0011-R10a-SM-686ZS,Normal,GTEx
GTEX-14PN4-0011-R10b-SM-69LP2,Normal,GTEx
GTEX-14PQA-0011-R10a-SM-6AJAA,Normal,GTEx
GTEX-15CHQ-0011-R10b-SM-6AJBV,Normal,GTEx
GTEX-15DCD-0011-R10b-SM-6LPII,Normal,GTEx
GTEX-15DCD-2926-SM-7KULT,Normal,GTEx
GTEX-15DDE-0011-R10a-SM-7KUKW,Normal,GTEx
GTEX-15EO6-3026-SM-7KUMA,Normal,GTEx
GTEX-15ER7-3126-SM-7KUGH,Normal,GTEx
GTEX-15G19-0011-R10b-SM-7KUG4,Normal,GTEx
GTEX-15G19-2926-SM-7KUFL,Normal,GTEx
GTEX-15RJE-3026-SM-7KUM1,Normal,GTEx
GTEX-15SHU-3126-SM-6M46H,Normal,GTEx
GTEX-15UF6-0011-R10b-SM-9OSVF,Normal,GTEx
GTEX-15UF6-3026-SM-7KUKL,Normal,GTEx
GTEX-16GPK-0011-R10b-SM-7MKFG,Normal,GTEx
GTEX-16GPK-3026-SM-79ON9,Normal,GTEx
GTEX-16NPV-0011-R10a-SM-79OKA,Normal,GTEx
GTEX-16XZZ-0011-R10b-SM-7LT91,Normal,GTEx
GTEX-16XZZ-3026-SM-79OMJ,Normal,GTEx
GTEX-16YQH-0011-R10b-SM-7LT8U,Normal,GTEx
GTEX-16YQH-3026-SM-79OMM,Normal,GTEx
GTEX-16Z82-0011-R10a-SM-79OJX,Normal,GTEx
GTEX-16Z82-3026-SM-79ON3,Normal,GTEx
GTEX-17EVP-0011-R10a-SM-7IGLP,Normal,GTEx
GTEX-17EVP-3026-SM-7IGQL,Normal,GTEx
GTEX-17EVQ-2826-SM-7IGQK,Normal,GTEx
GTEX-17F97-0011-R10b-SM-793BB,Normal,GTEx
GTEX-17F97-3026-SM-79OKC,Normal,GTEx
GTEX-17HG3-0011-R10b-SM-7LT97,Normal,GTEx
GTEX-17HG3-2926-SM-79ON8,Normal,GTEx
GTEX-17HHY-3026-SM-79OKP,Normal,GTEx
GTEX-17HII-0011-R10a-SM-79OMY,Normal,GTEx
GTEX-17HII-3026-SM-7EWFM,Normal,GTEx
GTEX-17JCI-0011-R10b-SM-718A2,Normal,GTEx
GTEX-17JCI-3126-SM-7LTA2,Normal,GTEx
GTEX-17MF6-2926-SM-7LTAW,Normal,GTEx
GTEX-183WM-2826-SM-731C2,Normal,GTEx
GTEX-18464-0011-R10a-SM-72D6X,Normal,GTEx
GTEX-18465-3026-SM-7LG6Y,Normal,GTEx
GTEX-18A6Q-0011-R10b-SM-72D7A,Normal,GTEx
GTEX-18A6Q-2926-SM-718AR,Normal,GTEx
GTEX-1A3MX-0011-R10b-SM-7P8PG,Normal,GTEx
GTEX-1A3MX-3026-SM-731BF,Normal,GTEx
GTEX-1A8G6-0011-R10b-SM-7P8PB,Normal,GTEx
GTEX-1A8G6-2926-SM-731CK,Normal,GTEx
GTEX-1A8G7-3126-SM-7IGP7,Normal,GTEx
GTEX-1AX9I-3026-SM-73KUH,Normal,GTEx
GTEX-1B8L1-0011-R10b-SM-7P8Q4,Normal,GTEx
GTEX-1B8L1-3026-SM-7EPHK,Normal,GTEx
GTEX-1B8SF-0011-R10b-SM-7P8SW,Normal,GTEx
GTEX-1B8SF-3126-SM-73KU1,Normal,GTEx
GTEX-1B8SG-1726-SM-73KXK,Normal,GTEx
GTEX-1B933-0011-R10b-SM-9OSVN,Normal,GTEx
GTEX-1B933-3126-SM-7P8RL,Normal,GTEx
GTEX-1B996-0011-R10b-SM-CJI3T,Normal,GTEx
GTEX-1BAJH-0011-R10a-SM-7MXT9,Normal,GTEx
GTEX-1C64N-3026-SM-7MGVU,Normal,GTEx
GTEX-1C6VQ-0011-R10b-SM-7P8Q1,Normal,GTEx
GTEX-1C6VQ-3026-SM-7IGPU,Normal,GTEx
GTEX-1C6VR-0011-R10b-SM-7P8QA,Normal,GTEx
GTEX-1C6VS-3026-SM-79OLA,Normal,GTEx
GTEX-1C6WA-3026-SM-7P8RQ,Normal,GTEx
GTEX-1CAV2-2726-SM-7IGNN,Normal,GTEx
GTEX-1CB4G-0011-R10a-SM-9QEHS,Normal,GTEx
GTEX-1CB4H-0011-R10b-SM-9QEH3,Normal,GTEx
GTEX-1CB4H-3126-SM-7IGN4,Normal,GTEx
GTEX-1CB4J-0011-R10a-SM-9WG63,Normal,GTEx
GTEX-1E1VI-0011-R10b-SM-ARU8F,Normal,GTEx
GTEX-1E1VI-3026-SM-7RHHU,Normal,GTEx
GTEX-1E2YA-3026-SM-7IGO7,Normal,GTEx
GTEX-1EH9U-0011-R10a-SM-CJI2A,Normal,GTEx
GTEX-1EKGG-2926-SM-7EPIH,Normal,GTEx
GTEX-1EMGI-0011-R10a-SM-9OSWY,Normal,GTEx
GTEX-1EMGI-3026-SM-7P8P6,Normal,GTEx
GTEX-1EN7A-3026-SM-7PBYT,Normal,GTEx
GTEX-1EWIQ-3126-SM-7MXTI,Normal,GTEx
GTEX-1EX96-0011-R10b-SM-CE6QR,Normal,GTEx
GTEX-1EX96-3026-SM-7RHH5,Normal,GTEx
GTEX-1F48J-0011-R10a-SM-9QEIB,Normal,GTEx
GTEX-1F48J-2826-SM-7P8R4,Normal,GTEx
GTEX-1F52S-3126-SM-7PC3M,Normal,GTEx
GTEX-1F6I4-0011-R10b-SM-9OSWT,Normal,GTEx
GTEX-1F6I4-3126-SM-7P8SD,Normal,GTEx
GTEX-1F6IF-0011-R10a-SM-9QEIN,Normal,GTEx
GTEX-1F6RS-3126-SM-9MQK7,Normal,GTEx
GTEX-1F75A-3026-SM-9KNU2,Normal,GTEx
GTEX-1F75B-3026-SM-7PBZ7,Normal,GTEx
GTEX-1F75W-0011-R10b-SM-ARU7Z,Normal,GTEx
GTEX-1F7RK-0011-R10b-SM-ARU7Y,Normal,GTEx
GTEX-1F7RK-1826-SM-7RHI4,Normal,GTEx
GTEX-1F88E-2826-SM-7RHHE,Normal,GTEx
GTEX-1GF9V-0011-R10b-SM-CKZNP,Normal,GTEx
GTEX-1GF9V-2926-SM-7PBXO,Normal,GTEx
GTEX-1GF9W-0011-R10a-SM-9OSXH,Normal,GTEx
GTEX-1GF9W-2626-SM-7P8TA,Normal,GTEx
GTEX-1GMR8-0011-R10a-SM-CJI21,Normal,GTEx
GTEX-1GMR8-3026-SM-9KNVF,Normal,GTEx
GTEX-1GMRU-0011-R10b-SM-CJI2L,Normal,GTEx
GTEX-1GMRU-3026-SM-7P8TC,Normal,GTEx
GTEX-1GN1U-0011-R10b-SM-CKZNH,Normal,GTEx
GTEX-1GN1V-0011-R10a-SM-CKZNU,Normal,GTEx
GTEX-1GN1V-3126-SM-7PBZG,Normal,GTEx
GTEX-1GN2E-0011-R10a-SM-CE6RI,Normal,GTEx
GTEX-1GN2E-3026-SM-9WG6I,Normal,GTEx
GTEX-1GN73-0011-R10b-SM-CKZNR,Normal,GTEx
GTEX-1GN73-3126-SM-9KNTY,Normal,GTEx
GTEX-1GTWX-0011-R10b-SM-CJI2X,Normal,GTEx
GTEX-1GZ2Q-0011-R10b-SM-CE6RN,Normal,GTEx
GTEX-1GZ2Q-3226-SM-9WG6L,Normal,GTEx
GTEX-1GZ4I-0011-R10a-SM-9OSX3,Normal,GTEx
GTEX-1GZ4I-3026-SM-9KNTX,Normal,GTEx
GTEX-1GZHY-3126-SM-9QEHH,Normal,GTEx
GTEX-1H1CY-0011-R10a-SM-CE6SD,Normal,GTEx
GTEX-1H1DG-0011-R10b-SM-CE6S7,Normal,GTEx
GTEX-1H1DG-2926-SM-9WYU3,Normal,GTEx
GTEX-1H1ZS-0011-R10b-SM-A9SK9,Normal,GTEx
GTEX-1H1ZS-3026-SM-9KNUJ,Normal,GTEx
GTEX-1H23P-0011-R10a-SM-A96RS,Normal,GTEx
GTEX-1H23P-2926-SM-9WYU8,Normal,GTEx
GTEX-1H2FU-3126-SM-9WYUJ,Normal,GTEx
GTEX-1H3NZ-3026-SM-9JGHW,Normal,GTEx
GTEX-1H3O1-0011-R10a-SM-CJI3O,Normal,GTEx
GTEX-1H3O1-1726-SM-9WYSR,Normal,GTEx
GTEX-1H3VE-0011-R10b-SM-A9SKC,Normal,GTEx
GTEX-1H3VE-2726-SM-9WPP3,Normal,GTEx
GTEX-1H4P4-0011-R10b-SM-CE6SG,Normal,GTEx
GTEX-1HB9E-0011-R10a-SM-CJI3H,Normal,GTEx
GTEX-1HB9E-2926-SM-D4P3S,Normal,GTEx
GTEX-1HBPH-0011-R10a-SM-CE6SI,Normal,GTEx
GTEX-1HBPH-3126-SM-9WYUV,Normal,GTEx
GTEX-1HBPI-0011-R10a-SM-A96RZ,Normal,GTEx
GTEX-1HBPI-2826-SM-ARZNO,Normal,GTEx
GTEX-1HBPM-0011-R10a-SM-CJI3Q,Normal,GTEx
GTEX-1HBPM-2926-SM-CL54E,Normal,GTEx
GTEX-1HCU6-0011-R10a-SM-CKZP8,Normal,GTEx
GTEX-1HCU6-3126-SM-CL54L,Normal,GTEx
GTEX-1HCVE-0011-R10a-SM-ARZLT,Normal,GTEx
GTEX-1HCVE-3026-SM-CL54G,Normal,GTEx
GTEX-1HFI6-0011-R10b-SM-ARZLO,Normal,GTEx
GTEX-1HFI6-3026-SM-CNPPJ,Normal,GTEx
GTEX-1HGF4-0011-R10b-SM-CE6S5,Normal,GTEx
GTEX-1HGF4-3126-SM-CL54M,Normal,GTEx
GTEX-1HR98-3026-SM-CNPPK,Normal,GTEx
GTEX-1HR9M-0011-R10a-SM-CM2SU,Normal,GTEx
GTEX-1HSKV-0011-R10b-SM-CMKH6,Normal,GTEx
GTEX-1HSKV-3026-SM-A96SL,Normal,GTEx
GTEX-1HSMO-0011-R10a-SM-CL54Y,Normal,GTEx
GTEX-1HSMO-3026-SM-A9G3F,Normal,GTEx
GTEX-1HT8W-3026-SM-CGQEO,Normal,GTEx
GTEX-1HUB1-2926-SM-ACKXA,Normal,GTEx
GTEX-1I19N-3026-SM-CL55E,Normal,GTEx
GTEX-1I1CD-0011-R10b-SM-CJI3W,Normal,GTEx
GTEX-1I1CD-3026-SM-B2LY2,Normal,GTEx
GTEX-1I1GQ-3026-SM-CL55K,Normal,GTEx
GTEX-1I1GR-2926-SM-CNNQG,Normal,GTEx
GTEX-1I1GV-0011-R10a-SM-CE6S6,Normal,GTEx
GTEX-1I1GV-3126-SM-A96SF,Normal,GTEx
GTEX-1I1HK-0011-R10b-SM-CJI3M,Normal,GTEx
GTEX-1I1HK-2826-SM-CKZPL,Normal,GTEx
GTEX-1ICLZ-0011-R10a-SM-A9SM2,Normal,GTEx
GTEX-1ICLZ-2826-SM-CL53U,Normal,GTEx
GTEX-1IDFM-2826-SM-ACKWJ,Normal,GTEx
GTEX-1IDJH-0011-R10a-SM-ARZLK,Normal,GTEx
GTEX-1IDJH-3026-SM-CL53B,Normal,GTEx
GTEX-1IKJJ-2926-SM-A9G2N,Normal,GTEx
GTEX-1IKK5-0011-R10b-SM-CE6SP,Normal,GTEx
GTEX-1IKK5-2926-SM-ARU7Q,Normal,GTEx
GTEX-1IL2U-3026-SM-C1YSH,Normal,GTEx
GTEX-1IL2V-0011-R10a-SM-CL55A,Normal,GTEx
GTEX-1IOXB-0011-R10a-SM-D3L8I,Normal,GTEx
GTEX-1IOXB-3126-SM-CKZO1,Normal,GTEx
GTEX-1IY9M-3026-SM-A9G37,Normal,GTEx
GTEX-1J1OQ-0011-R10a-SM-A9G1Y,Normal,GTEx
GTEX-1J1OQ-3226-SM-A9G2Q,Normal,GTEx
GTEX-1J8Q2-0011-R10b-SM-D4P2C,Normal,GTEx
GTEX-1J8Q2-3026-SM-CKZN8,Normal,GTEx
GTEX-1JJ6O-3126-SM-CNNP8,Normal,GTEx
GTEX-1JJE9-2926-SM-CY8HV,Normal,GTEx
GTEX-1JJEA-2826-SM-ARU8R,Normal,GTEx
GTEX-1JMLX-2926-SM-CL54C,Normal,GTEx
GTEX-1JMOU-2726-SM-CY8IO,Normal,GTEx
GTEX-1JMPZ-2726-SM-ARZNF,Normal,GTEx
GTEX-1JMQK-3026-SM-ARL95,Normal,GTEx
GTEX-1JMQL-2826-SM-ARU91,Normal,GTEx
GTEX-1KD4Q-2926-SM-D3L9N,Normal,GTEx
GTEX-1KWVE-2326-SM-D4P3N,Normal,GTEx
GTEX-1LC47-0011-R10b-SM-EYYWE,Normal,GTEx
GTEX-1LC47-2926-SM-CXZKC,Normal,GTEx
GTEX-1LG7Y-3026-SM-D5OVI,Normal,GTEx
GTEX-1LKK1-3126-SM-EWRNY,Normal,GTEx
GTEX-1M4P7-2726-SM-E9TJQ,Normal,GTEx
GTEX-1N2DW-2826-SM-E9TK5,Normal,GTEx
GTEX-1N5O9-2926-SM-EXUSN,Normal,GTEx
GTEX-1NV5F-3226-SM-EXUSL,Normal,GTEx
GTEX-1NV8Z-3126-SM-E76R3,Normal,GTEx
GTEX-1O9I2-3026-SM-E76PX,Normal,GTEx
GTEX-1OJC4-2826-SM-E6CQX,Normal,GTEx
GTEX-1PIIG-2726-SM-E76PQ,Normal,GTEx
GTEX-1PPGY-3126-SM-EXUSR,Normal,GTEx
GTEX-1PWST-3126-SM-EXUSE,Normal,GTEx
GTEX-1QMI2-3126-SM-EXUT5,Normal,GTEx
GTEX-1QP6S-2926-SM-DTXF8,Normal,GTEx
GTEX-1R9K4-3126-SM-DTX9Y,Normal,GTEx
GTEX-1R9PO-2926-SM-EVYBR,Normal,GTEx
GTEX-1RQEC-2926-SM-EVR5A,Normal,GTEx
GTEX-N7MS-0011-R10A-SM-2HMJK,Normal,GTEx
GTEX-N7MT-0011-R10A-SM-2I3E1,Normal,GTEx
GTEX-N7MT-1126-SM-CYPQY,Normal,GTEx
GTEX-NL3H-0011-R10A-SM-2I3E9,Normal,GTEx
GTEX-NL4W-0011-R10A-SM-2I3DY,Normal,GTEx
GTEX-NPJ7-0011-R10A-SM-2I3E5,Normal,GTEx
GTEX-NPJ7-2726-SM-2I3FT,Normal,GTEx
GTEX-NPJ8-0011-R10A-SM-2YUMO,Normal,GTEx
GTEX-NPJ8-1526-SM-2D7VU,Normal,GTEx
GTEX-OHPN-0011-R10A-SM-33HBU,Normal,GTEx
GTEX-OHPN-2526-SM-2I5H3,Normal,GTEx
GTEX-OXRN-0011-R10A-SM-2I5GC,Normal,GTEx
GTEX-OXRN-2426-SM-2I5EQ,Normal,GTEx
GTEX-OXRO-0011-R10A-SM-2I5EH,Normal,GTEx
GTEX-P44G-0011-R10A-SM-2I3FF,Normal,GTEx
GTEX-P44G-2426-SM-2I5ER,Normal,GTEx
GTEX-P44H-0011-R10A-SM-2XCEK,Normal,GTEx
GTEX-PVOW-0011-R10A-SM-EXOHB,Normal,GTEx
GTEX-PVOW-2526-SM-2XCF7,Normal,GTEx
GTEX-PWO3-0926-SM-2I5EY,Normal,GTEx
GTEX-Q2AG-0011-R10A-SM-2HMLA,Normal,GTEx
GTEX-Q2AG-2926-SM-2HMJ3,Normal,GTEx
GTEX-QDT8-0011-R10A-SM-32PKG,Normal,GTEx
GTEX-QDT8-2926-SM-32PKC,Normal,GTEx
GTEX-QMR6-0011-R10A-SM-32PKO,Normal,GTEx
GTEX-QMR6-1426-SM-32PLA,Normal,GTEx
GTEX-QVJO-0011-R10A-SM-2S1QJ,Normal,GTEx
GTEX-QVJO-1426-SM-2S1QY,Normal,GTEx
GTEX-QVUS-0011-R10A-SM-3GIK3,Normal,GTEx
GTEX-QVUS-2826-SM-3GADB,Normal,GTEx
GTEX-RNOR-2326-SM-2TF4I,Normal,GTEx
GTEX-RU72-3026-SM-CYPRV,Normal,GTEx
GTEX-S7SE-0011-R10A-SM-2XCDF,Normal,GTEx
GTEX-T2IS-3026-SM-32QPM,Normal,GTEx
GTEX-T5JC-0011-R10A-SM-32PM2,Normal,GTEx
GTEX-T5JC-2426-SM-3NMDB,Normal,GTEx
GTEX-T6MN-0011-R10A-SM-32QP7,Normal,GTEx
GTEX-T6MN-2626-SM-32PMQ,Normal,GTEx
GTEX-TSE9-0011-R10A-SM-3DB7O,Normal,GTEx
GTEX-TSE9-3026-SM-3DB76,Normal,GTEx
GTEX-UTHO-0011-R10A-SM-3GIJQ,Normal,GTEx
GTEX-UTHO-3026-SM-3GAFB,Normal,GTEx
GTEX-WHSE-0011-R10A-SM-EYYVG,Normal,GTEx
GTEX-WHSE-3026-SM-3P5ZH,Normal,GTEx
GTEX-WL46-0011-R10A-SM-3MJFQ,Normal,GTEx
GTEX-WL46-2926-SM-3LK82,Normal,GTEx
GTEX-WVLH-0011-R10A-SM-3MJFM,Normal,GTEx
GTEX-WVLH-3026-SM-3MJG9,Normal,GTEx
GTEX-WWYW-0011-R10A-SM-3NB35,Normal,GTEx
GTEX-WWYW-3126-SM-3NB39,Normal,GTEx
GTEX-WZTO-0011-R10B-SM-4E3KB,Normal,GTEx
GTEX-WZTO-2926-SM-3NM9I,Normal,GTEx
GTEX-X261-0011-R10B-SM-4E3JT,Normal,GTEx
GTEX-X4EP-0011-R10B-SM-4QASJ,Normal,GTEx
GTEX-X4XX-0011-R10B-SM-46MWO,Normal,GTEx
GTEX-X4XX-3026-SM-3NMB2,Normal,GTEx
GTEX-X4XY-0011-R10B-SM-46MWS,Normal,GTEx
GTEX-X4XY-3026-SM-EWRM9,Normal,GTEx
GTEX-X585-0011-R10A-SM-46MUY,Normal,GTEx
GTEX-X585-3026-SM-46MWF,Normal,GTEx
GTEX-XLM4-0011-R10A-SM-4AT5P,Normal,GTEx
GTEX-XLM4-3026-SM-4AT6L,Normal,GTEx
GTEX-XMD1-0011-R10A-SM-4AT4A,Normal,GTEx
GTEX-Y111-2726-SM-4TT3N,Normal,GTEx
GTEX-Y8DK-0011-R10A-SM-4SOK1,Normal,GTEx
GTEX-Y8DK-0826-SM-4TT3T,Normal,GTEx
GTEX-YFC4-0011-R10a-SM-4SOK5,Normal,GTEx
GTEX-YFC4-3126-SM-5PNV6,Normal,GTEx
GTEX-YJ89-0011-R10a-SM-4SOK9,Normal,GTEx
GTEX-YJ89-3026-SM-5IFJI,Normal,GTEx
GTEX-Z93S-0011-R10a-SM-4RGNM,Normal,GTEx
GTEX-Z93S-2926-SM-57WB9,Normal,GTEx
GTEX-ZAB4-0011-R10a-SM-4SOKH,Normal,GTEx
GTEX-ZAJG-3126-SM-5HL9J,Normal,GTEx
GTEX-ZAK1-3026-SM-5S2MJ,Normal,GTEx
GTEX-ZDXO-0011-R10a-SM-4WWD8,Normal,GTEx
GTEX-ZDXO-2126-SM-4WKFI,Normal,GTEx
GTEX-ZE7O-0011-R10a-SM-57WAZ,Normal,GTEx
GTEX-ZE7O-3126-SM-5HL5X,Normal,GTEx
GTEX-ZE9C-3026-SM-4WKHB,Normal,GTEx
GTEX-ZF28-0011-R10a-SM-4WWEH,Normal,GTEx
GTEX-ZF28-3026-SM-4WKHP,Normal,GTEx
GTEX-ZUA1-0011-R10a-SM-51MT6,Normal,GTEx
GTEX-ZUA1-3026-SM-59HJC,Normal,GTEx
GTEX-ZV68-0011-R10a-SM-51MT7,Normal,GTEx
GTEX-ZVT3-0011-R10b-SM-57WB6,Normal,GTEx
GTEX-ZVT3-3026-SM-5E43N,Normal,GTEx
GTEX-ZVZQ-0011-R10b-SM-51MRT,Normal,GTEx
GTEX-ZXG5-0011-R10a-SM-57WDD,Normal,GTEx
GTEX-ZYFD-3026-SM-5E44C,Normal,GTEx
GTEX-ZYY3-3126-SM-5SI9L,Normal,GTEx
GTEX-ZZPT-3026-SM-5GZXH,Normal,GTEx
