,Subtype,Pathway,Complex,Heatmap genes,Complex genes,Overlap,Expected overlap,Percent overlap,Odds ratio,P-value,FDR
0,Classical,Apoptosis,Complex I,40,21,0,0.08338296605122096,0.0,0.0,1.0,1.0
1,Classical,Apoptosis,Complex Ii,40,4,0,0.01588246972404209,0.0,0.0,1.0,1.0
2,Classical,Apoptosis,Complex Iii,40,3,0,0.011911852293031567,0.0,0.0,1.0,1.0
3,Classical,Apoptosis,Complex Iv,40,10,0,0.03970617431010522,0.0,0.0,1.0,1.0
4,Classical,Apoptosis,Complex V,40,3,0,0.011911852293031567,0.0,0.0,1.0,1.0
5,Classical,Autophagy,Complex I,32,21,0,0.06670637284097677,0.0,0.0,1.0,1.0
6,Classical,Autophagy,Complex Ii,32,4,0,0.01270597577923367,0.0,0.0,1.0,1.0
7,Classical,Autophagy,Complex Iii,32,3,0,0.009529481834425254,0.0,0.0,1.0,1.0
8,Classical,Autophagy,Complex Iv,32,10,0,0.03176493944808418,0.0,0.0,1.0,1.0
9,Classical,Autophagy,Complex V,32,3,0,0.009529481834425254,0.0,0.0,1.0,1.0
10,Classical,Ferroptosis,Complex I,7,21,0,0.014592019058963668,0.0,0.0,1.0,1.0
11,Classical,Ferroptosis,Complex Ii,7,4,0,0.0027794322017073653,0.0,0.0,1.0,1.0
12,Classical,Ferroptosis,Complex Iii,7,3,0,0.002084574151280524,0.0,0.0,1.0,1.0
13,Classical,Ferroptosis,Complex Iv,7,10,0,0.006948580504268414,0.0,0.0,1.0,1.0
14,Classical,Ferroptosis,Complex V,7,3,0,0.002084574151280524,0.0,0.0,1.0,1.0
15,Classical,Necroptosis,Complex I,32,21,0,0.06670637284097677,0.0,0.0,1.0,1.0
16,Classical,Necroptosis,Complex Ii,32,4,0,0.01270597577923367,0.0,0.0,1.0,1.0
17,Classical,Necroptosis,Complex Iii,32,3,0,0.009529481834425254,0.0,0.0,1.0,1.0
18,Classical,Necroptosis,Complex Iv,32,10,0,0.03176493944808418,0.0,0.0,1.0,1.0
19,Classical,Necroptosis,Complex V,32,3,0,0.009529481834425254,0.0,0.0,1.0,1.0
20,Classical,Pyroptosis,Complex I,8,21,0,0.016676593210244194,0.0,0.0,1.0,1.0
21,Classical,Pyroptosis,Complex Ii,8,4,0,0.0031764939448084176,0.0,0.0,1.0,1.0
22,Classical,Pyroptosis,Complex Iii,8,3,0,0.0023823704586063135,0.0,0.0,1.0,1.0
23,Classical,Pyroptosis,Complex Iv,8,10,0,0.007941234862021045,0.0,0.0,1.0,1.0
24,Classical,Pyroptosis,Complex V,8,3,0,0.0023823704586063135,0.0,0.0,1.0,1.0
25,Mesenchymal,Apoptosis,Complex I,50,27,0,0.13400833829660513,0.0,0.0,1.0,1.0
26,Mesenchymal,Apoptosis,Complex Ii,50,4,0,0.01985308715505261,0.0,0.0,1.0,1.0
27,Mesenchymal,Apoptosis,Complex Iii,50,3,0,0.014889815366289458,0.0,0.0,1.0,1.0
28,Mesenchymal,Apoptosis,Complex Iv,50,11,0,0.05459598967639468,0.0,0.0,1.0,1.0
29,Mesenchymal,Apoptosis,Complex V,50,3,0,0.014889815366289458,0.0,0.0,1.0,1.0
30,Mesenchymal,Autophagy,Complex I,36,27,0,0.09648600357355569,0.0,0.0,1.0,1.0
31,Mesenchymal,Autophagy,Complex Ii,36,4,0,0.01429422275163788,0.0,0.0,1.0,1.0
32,Mesenchymal,Autophagy,Complex Iii,36,3,0,0.01072066706372841,0.0,0.0,1.0,1.0
33,Mesenchymal,Autophagy,Complex Iv,36,11,0,0.039309112567004166,0.0,0.0,1.0,1.0
34,Mesenchymal,Autophagy,Complex V,36,3,0,0.01072066706372841,0.0,0.0,1.0,1.0
35,Mesenchymal,Ferroptosis,Complex I,9,27,0,0.024121500893388922,0.0,0.0,1.0,1.0
36,Mesenchymal,Ferroptosis,Complex Ii,9,4,0,0.00357355568790947,0.0,0.0,1.0,1.0
37,Mesenchymal,Ferroptosis,Complex Iii,9,3,0,0.0026801667659321023,0.0,0.0,1.0,1.0
38,Mesenchymal,Ferroptosis,Complex Iv,9,11,0,0.009827278141751042,0.0,0.0,1.0,1.0
39,Mesenchymal,Ferroptosis,Complex V,9,3,0,0.0026801667659321023,0.0,0.0,1.0,1.0
40,Mesenchymal,Necroptosis,Complex I,40,27,0,0.1072066706372841,0.0,0.0,1.0,1.0
41,Mesenchymal,Necroptosis,Complex Ii,40,4,0,0.01588246972404209,0.0,0.0,1.0,1.0
42,Mesenchymal,Necroptosis,Complex Iii,40,3,0,0.011911852293031567,0.0,0.0,1.0,1.0
43,Mesenchymal,Necroptosis,Complex Iv,40,11,0,0.043676791741115745,0.0,0.0,1.0,1.0
44,Mesenchymal,Necroptosis,Complex V,40,3,0,0.011911852293031567,0.0,0.0,1.0,1.0
45,Mesenchymal,Pyroptosis,Complex I,9,27,0,0.024121500893388922,0.0,0.0,1.0,1.0
46,Mesenchymal,Pyroptosis,Complex Ii,9,4,0,0.00357355568790947,0.0,0.0,1.0,1.0
47,Mesenchymal,Pyroptosis,Complex Iii,9,3,0,0.0026801667659321023,0.0,0.0,1.0,1.0
48,Mesenchymal,Pyroptosis,Complex Iv,9,11,0,0.009827278141751042,0.0,0.0,1.0,1.0
49,Mesenchymal,Pyroptosis,Complex V,9,3,0,0.0026801667659321023,0.0,0.0,1.0,1.0
50,Proneural,Apoptosis,Complex I,36,21,0,0.07504466944609887,0.0,0.0,1.0,1.0
51,Proneural,Apoptosis,Complex Ii,36,3,0,0.01072066706372841,0.0,0.0,1.0,1.0
52,Proneural,Apoptosis,Complex Iii,36,2,0,0.00714711137581894,0.0,0.0,1.0,1.0
53,Proneural,Apoptosis,Complex Iv,36,9,0,0.03216200119118523,0.0,0.0,1.0,1.0
54,Proneural,Apoptosis,Complex V,36,3,0,0.01072066706372841,0.0,0.0,1.0,1.0
55,Proneural,Autophagy,Complex I,27,21,0,0.05628350208457415,0.0,0.0,1.0,1.0
56,Proneural,Autophagy,Complex Ii,27,3,0,0.008040500297796307,0.0,0.0,1.0,1.0
57,Proneural,Autophagy,Complex Iii,27,2,0,0.005360333531864205,0.0,0.0,1.0,1.0
58,Proneural,Autophagy,Complex Iv,27,9,0,0.024121500893388922,0.0,0.0,1.0,1.0
59,Proneural,Autophagy,Complex V,27,3,0,0.008040500297796307,0.0,0.0,1.0,1.0
60,Proneural,Ferroptosis,Complex I,5,21,0,0.01042287075640262,0.0,0.0,1.0,1.0
61,Proneural,Ferroptosis,Complex Ii,5,3,0,0.0014889815366289458,0.0,0.0,1.0,1.0
62,Proneural,Ferroptosis,Complex Iii,5,2,0,0.0009926543577526306,0.0,0.0,1.0,1.0
63,Proneural,Ferroptosis,Complex Iv,5,9,0,0.004466944609886838,0.0,0.0,1.0,1.0
64,Proneural,Ferroptosis,Complex V,5,3,0,0.0014889815366289458,0.0,0.0,1.0,1.0
65,Proneural,Necroptosis,Complex I,24,21,0,0.05002977963073258,0.0,0.0,1.0,1.0
66,Proneural,Necroptosis,Complex Ii,24,3,0,0.00714711137581894,0.0,0.0,1.0,1.0
67,Proneural,Necroptosis,Complex Iii,24,2,0,0.004764740917212627,0.0,0.0,1.0,1.0
68,Proneural,Necroptosis,Complex Iv,24,9,0,0.02144133412745682,0.0,0.0,1.0,1.0
69,Proneural,Necroptosis,Complex V,24,3,0,0.00714711137581894,0.0,0.0,1.0,1.0
70,Proneural,Pyroptosis,Complex I,7,21,0,0.014592019058963668,0.0,0.0,1.0,1.0
71,Proneural,Pyroptosis,Complex Ii,7,3,0,0.002084574151280524,0.0,0.0,1.0,1.0
72,Proneural,Pyroptosis,Complex Iii,7,2,0,0.0013897161008536827,0.0,0.0,1.0,1.0
73,Proneural,Pyroptosis,Complex Iv,7,9,0,0.006253722453841573,0.0,0.0,1.0,1.0
74,Proneural,Pyroptosis,Complex V,7,3,0,0.002084574151280524,0.0,0.0,1.0,1.0
