Gene,Degree,Betweenness,Closeness,PageRank
NDUFA8,101,0.013422261112126082,0.5382882882882883,0.006698442042325673
NDUFS3,100,0.008835211127484498,0.5731414868105515,0.006526399911282333
NDUFA4,100,0.011849080313401629,0.5431818181818182,0.006636150434773041
NDUFS1,99,0.011885836952510196,0.5786924939467313,0.00643944836786179
NDUFB8,98,0.008691084333741283,0.5704057279236276,0.006361779609966617
COX4I1,98,0.06902239406822636,0.6035353535353535,0.007071510312240587
NDUFS4,97,0.0024514166734581756,0.5287610619469026,0.006189354667024248
NDUFAB1,97,0.02363289532543035,0.5519630484988453,0.0067584160494357105
NDUFV1,97,0.002442154647036886,0.5287610619469026,0.00618618402200647
NDUFA2,97,0.005014335839323754,0.5334821428571429,0.006254248232960891
COA6,97,0.00995040690790483,0.5150862068965517,0.006593658163273546
NDUFS2,96,0.0021123410935263123,0.5275938189845475,0.006115862979826893
NDUFS7,96,0.0018623190561827556,0.5275938189845475,0.00610454332668536
COX6B1,96,0.004250477665174344,0.5173160173160173,0.006313867491305452
NDUFB3,96,0.0025992376348618336,0.526431718061674,0.006143327686814951
NDUFS8,96,0.002522694031909722,0.5299334811529933,0.00613540995818016
NDUFA13,95,0.02175369004576815,0.5731414868105515,0.00625383531352193
NDUFA6,95,0.0147810576492913,0.5532407407407407,0.00627195538127945
MT-ND1,95,0.018033028674256442,0.5772946859903382,0.006301437443146346
NDUFB7,95,0.0021048456760032657,0.5252747252747253,0.006057009658767189
NDUFB10,94,0.0025193604441381993,0.5241228070175439,0.006024494651508014
UQCRC2,94,0.01121250059361308,0.5597189695550351,0.006317285139651546
NDUFA9,94,0.005904936277620794,0.5650118203309693,0.006036054411157031
NDUFB9,94,0.004470759423572486,0.526431718061674,0.006150527943826723
NDUFV2,94,0.0025591206794023163,0.5252747252747253,0.0060162740048299995
NDUFA11,94,0.0021310459424950844,0.5241228070175439,0.006006607861088456
NDUFS6,93,0.0015304296456165375,0.5229759299781181,0.005907862863347288
MT-ND2,93,0.00706536090488485,0.5610328638497653,0.006013243857126944
CYC1,93,0.004907172993305826,0.5128755364806867,0.006153393483229767
UQCRFS1,92,0.0025133019511685193,0.5117773019271948,0.005991888943592602
UQCRC1,92,0.006495609428311142,0.5558139534883721,0.006007479994294648
NDUFB6,92,0.002084561049931444,0.5218340611353712,0.005889015078083896
NDUFB4,91,0.0016751195655377903,0.5206971677559913,0.0057959242326980475
NDUFA12,91,0.0015738350548953207,0.5206971677559913,0.00580179937424985
NDUFB5,91,0.0013655060729088505,0.5206971677559913,0.00578075471644162
NDUFS5,91,0.002760176803255798,0.5218340611353712,0.005884565769356786
SDHA,90,0.027907362726686716,0.5786924939467313,0.006468115850589902
MT-ND5,90,0.006979269781628181,0.5358744394618834,0.005878180368583416
MT-CYB,89,0.011832555602748644,0.5571095571095571,0.0058857224517520085
MT-CO1,89,0.011396737366068967,0.5636792452830188,0.005930091725789741
NDUFA7,89,0.0012790852983584264,0.5173160173160173,0.005664113815410252
NDUFC2,89,0.001352674266342503,0.5184381778741866,0.005679470558807116
MT-ND4,89,0.003930362702306604,0.5173160173160173,0.005883634130914878
COX5A,89,0.001958477809119979,0.5063559322033898,0.0057700530764413765
NDUFB1,88,0.0014070084229987356,0.5173160173160173,0.005617032435871767
NDUFA5,88,0.0011664669565208566,0.5173160173160173,0.005603096351435197
NDUFA1,88,0.001138762787320748,0.5173160173160173,0.0056053278200411776
NDUFA10,88,0.0032353339667879613,0.5218340611353712,0.005675228362653481
NDUFA3,88,0.0012737320160726613,0.5173160173160173,0.00561456177140339
COX5B,88,0.0013867978691029074,0.5042194092827004,0.005669232483466029
MT-CO2,88,0.01011317411293034,0.5506912442396313,0.005971818850101899
COX6A1,87,0.0016264232580136765,0.5031578947368421,0.005632993293962628
NDUFB11,87,0.0006638359208500277,0.5042194092827004,0.005499691885552119
SDHB,87,0.02395260324371805,0.5786924939467313,0.006316635157648855
UQCRB,86,0.002436515595311468,0.5052854122621564,0.005636689824838514
MT-CO3,86,0.0011624379852270582,0.5021008403361344,0.005529582297199178
UQCR10,85,0.0024992201742016435,0.5021008403361344,0.005551389536899903
COX6C,85,0.002681820994873018,0.4968814968814969,0.0055684134682626
NDUFV3,84,0.0012351912055869928,0.5128755364806867,0.005386827328717087
UQCRQ,83,0.0017471721572977974,0.5,0.0054077731596829555
COX7B,83,0.000981022435591959,0.495850622406639,0.0053367301830916265
UQCR11,82,0.0009750328381252956,0.4989561586638831,0.005284953756045348
COX7C,82,0.0011518318252102717,0.4968814968814969,0.005294584537127826
NDUFC1,82,0.0007814250961406596,0.5074309978768577,0.005230470848692156
NDUFB2,81,0.0009306075943536991,0.5063559322033898,0.005183844996392684
SDHC,81,0.033876020159604024,0.5717703349282297,0.0059579148066426346
BCS1L,81,0.00580114375546294,0.49176954732510286,0.0056534140356113965
UQCRH,80,0.0008869498912165403,0.4968814968814969,0.005167799471529073
COX7A2,80,0.000949782084364104,0.4927835051546392,0.005183565748102753
COX15,80,0.003809420166218265,0.48975409836065575,0.005474365155288973
TP53,76,0.0800730485827526,0.569047619047619,0.01173366342330012
ACTB,76,0.09626166529722781,0.5786924939467313,0.010782481477007748
NDUFAF2,73,0.00107105840928075,0.48088531187122735,0.004798925508832236
SURF1,73,0.0037960730262976525,0.48088531187122735,0.0051139014655868145
FOXRED1,72,0.0016821601044416576,0.47704590818363274,0.0047944952025493395
CASP3,70,0.04397496780135411,0.5558139534883721,0.010621349833094467
SDHD,70,0.0013151775461991255,0.48577235772357724,0.004680149602403524
COX8A,70,0.0036418204667733713,0.5031578947368421,0.0046735170082634805
NDUFAF1,69,0.0012092139485768293,0.466796875,0.004594547267232135
COA1,69,0.0025235998884269016,0.4640776699029126,0.004678804798636305
COX7A1,69,7.593146982655397e-05,0.47704590818363274,0.004447228795936694
COX17,68,0.003977352017891311,0.47326732673267324,0.0048349666910798925
ACAD9,68,0.009074225556509758,0.4742063492063492,0.004842856469064644
NDUFAF3,67,0.0006411515691330697,0.4760956175298805,0.004408931394685511
NDUFAF5,67,0.0007161187656545559,0.4723320158102767,0.004434140865536104
SCO1,63,0.00472926905641468,0.4704724409448819,0.004642125628303139
TIMMDC1,63,0.0007800421434209051,0.4631782945736434,0.00421457501095182
ECSIT,62,0.003970777208806285,0.5063559322033898,0.004173976655951766
NDUFAF6,62,0.00042634951097393305,0.4649805447470817,0.004130433775119233
NDUFAF4,60,0.00026209082329643394,0.45610687022900764,0.003992403250643292
PRKACA,60,0.04485356207713366,0.5519630484988453,0.005827828748666716
COX14,60,0.002806861971024447,0.4613899613899614,0.004360160327560798
PRKACB,60,0.0361310751878771,0.5494252873563218,0.005598023404018793
COA3,59,0.004114439760890483,0.4578544061302682,0.004444498605203927
TMEM126B,59,0.00041969634960804857,0.4631782945736434,0.00396006409739221
COX11,58,0.003918638407908407,0.46954813359528486,0.004335863741427092
NFKB1,58,0.030004665421062615,0.5370786516853933,0.008137873282391989
TMEM186,57,0.001185553948737357,0.45179584120982985,0.003888488205493469
NDUFAF7,54,7.277902691598385e-05,0.44840525328330205,0.0036309886704962674
JUN,54,0.02262791574943797,0.5252747252747253,0.007969191386725017
CASP1,53,0.008869195719944975,0.4458955223880597,0.008157617337615719
MT-ATP6,52,0.009541801970147668,0.4649805447470817,0.004245729659467467
STAT3,51,0.015501009184137705,0.5173160173160173,0.007582153579653842
CASP8,51,0.009985113422262135,0.5106837606837606,0.00751600982447196
NFKBIA,50,0.007867405628370213,0.495850622406639,0.0073246585344518556
SCO2,46,0.011286098080781095,0.5063559322033898,0.0036220331322373597
TNFRSF1A,46,0.003582525009340174,0.43454545454545457,0.006912083218651494
PET100,44,0.0022111323226837215,0.43853211009174314,0.00352295698723394
STAT1,44,0.003889907501722519,0.43853211009174314,0.00669677349633847
COX7A2L,44,5.8806184411413974e-05,0.4417744916820702,0.003081900874415861
IKBKB,43,0.012474719512846089,0.4989561586638831,0.006583424134625135
RIPK3,42,0.009056980403550633,0.44095940959409596,0.006434432182711265
SQSTM1,42,0.03488448926310611,0.5031578947368421,0.007838494146364111
FADD,42,0.0022649387350191937,0.43454545454545457,0.006307445620382697
RIPK1,41,0.010151615397130003,0.4989561586638831,0.0062161276832944385
MAPK8,41,0.009037725954936012,0.45610687022900764,0.006250272247909217
TACO1,40,0.0009300419425275634,0.4329710144927536,0.0031217511627430346
TLR3,39,0.0021642896211945513,0.4275491949910555,0.005914470048779331
RELA,39,0.0065911547967093045,0.49176954732510286,0.005595151889389648
TMEM70,38,0.0007496969153522888,0.4306306306306306,0.002922390709334958
IL18,37,0.006631551265758643,0.49176954732510286,0.005564498180333577
NUBPL,37,0.001095607761924702,0.4329710144927536,0.0029299112147260363
MCL1,36,0.0035282462443458375,0.4927835051546392,0.005363216708160817
KRAS,35,0.008162725629316935,0.47704590818363274,0.005754471490701138
COX18,35,0.0006763361018463598,0.42526690391459077,0.002849539805398436
LYRM7,35,0.011534470169596923,0.466796875,0.0031289537915278444
TRADD,35,0.0017707496667221107,0.4185639229422067,0.005376409654334696
FAS,34,0.0008842779355298324,0.42526690391459077,0.005121343590845108
HIGD1A,34,0.0005056591827382128,0.44014732965009207,0.0026410996981340467
UQCC2,33,0.0005632816880505694,0.4237588652482269,0.002625674929502248
COA5,32,0.0012170825579897286,0.40784982935153585,0.0027628728954911404
CASP7,31,0.0015232529180504004,0.4192982456140351,0.0049075810679204655
CFLAR,30,0.00040789256010249664,0.4185639229422067,0.004522356465725264
BAX,28,0.003040586343471872,0.4552380952380952,0.004135710527985915
TNFRSF10B,28,0.0011110270631751026,0.4134948096885813,0.004436205800082742
MAP2K1,28,0.00840713368518952,0.44095940959409596,0.004787214933869322
TTC19,28,0.000659673803228277,0.43772893772893773,0.0024229155270154936
CTSS,28,0.00366511076716042,0.4200351493848858,0.00474734359455127
PET117,28,0.0011805346710371375,0.40371621621621623,0.0026742253879022465
MLKL,28,0.005710194652142154,0.41278065630397237,0.004583498383807377
PIK3R1,27,0.010634425982360156,0.47514910536779326,0.004594817442071112
COX20,27,0.00026074650820260274,0.4106529209621993,0.0023692320657543887
CASP6,26,0.0007491456262394944,0.4099485420240137,0.004186263656266951
CASP2,25,0.00034285466401435784,0.40854700854700854,0.00394442736750898
TNFAIP3,25,0.0005112307168823968,0.4057724957555178,0.003958564919124764
CTSB,24,0.0031372772761626886,0.4149305555555556,0.0043552565258625844
COX19,24,0.0002832227668521196,0.403035413153457,0.002243889714886614
CASP10,24,0.00017012979600201426,0.40235690235690236,0.0037745976958309963
SLC25A4,24,0.008031526988119535,0.48282828282828283,0.002338937392499094
STAT5A,24,0.0018977453341728495,0.4714003944773176,0.0037836033351906118
PYCARD,24,0.0004446211991312602,0.41421143847487,0.0038423038906336524
CYBB,23,0.004913797630590662,0.4742063492063492,0.003808936264311151
TIMM21,23,0.00037000415726537016,0.42151675485008816,0.0021132151902410177
SDHAF1,23,0.0012118483651802812,0.4283154121863799,0.0022514599945567156
TYK2,23,0.001960941777367524,0.4704724409448819,0.00363704386930358
TRAF1,23,0.0004681327486580506,0.40371621621621623,0.003677186037280182
UQCC1,22,0.00032751260678825134,0.4064625850340136,0.00204823370435673
MAPK9,22,0.003805165935232836,0.4369287020109689,0.003675378815456088
ULK1,21,0.01683347616649632,0.43772893772893773,0.004757806315251155
ATPAF2,21,0.00031155741232118144,0.39767054908485855,0.0019653220069545175
PRF1,21,0.0013161343129268496,0.4106529209621993,0.0035529524272510356
BAK1,21,0.0037744681384253406,0.4704724409448819,0.003260694000266387
HMOX1,21,0.003395855580769601,0.48577235772357724,0.0034451202746011685
LAMP1,21,0.013443565054813828,0.4714003944773176,0.004397404376677906
IFNGR1,20,0.0007442367057267221,0.3861066235864297,0.0034644082116340657
DNM1L,20,0.0045113735287808515,0.48975409836065575,0.003076825869650745
TMEM126A,20,3.187971861000927e-05,0.41710296684118675,0.0017588042029969423
AIFM1,19,0.006451401396686833,0.48676171079429736,0.0023084989287447113
COA4,19,0.00027923893647645076,0.40371621621621623,0.0019213007565820805
NGFR,19,0.0007926555404521729,0.43772893772893773,0.0031818689650442806
RBCK1,19,0.00042232914055830045,0.3956953642384106,0.0031988650880361603
DMAC2L,18,0.0002502879482470303,0.4149305555555556,0.0017263397273103783
COA7,18,0.0003031342070868674,0.4185639229422067,0.0017895466891775073
CASP4,18,0.0003565570136606627,0.40371621621621623,0.003028622486649447
GSDMD,18,0.003149984029694005,0.39767054908485855,0.003261344310639234
MT-ATP8,17,0.00019285936247400595,0.40508474576271186,0.0016814593680298708
PIK3CB,17,0.001881319262560509,0.3943894389438944,0.00344764068337198
ATPAF1,16,0.0002951150027454266,0.403035413153457,0.0016873680107014912
ITPR3,16,0.007912093858672796,0.4723320158102767,0.0027126496787727083
STAT4,16,0.0002755136539058779,0.3787638668779715,0.0028043193788915965
TANK,16,0.00022607900782442092,0.3824,0.002800178430576132
STAT2,16,0.00021286994941720165,0.4016806722689076,0.0027276713574082016
CTSD,15,0.0013310861000774344,0.403035413153457,0.003073924528088096
CAMK2A,15,0.000991794977472154,0.39373970345963755,0.00288077085174305
PDPK1,13,0.0005784645341757692,0.3918032786885246,0.0026108793900543534
ITPR1,13,0.006025722973122651,0.4237588652482269,0.0026901266961445558
PRKCQ,13,0.0004108712429919801,0.38673139158576053,0.0024709583835021663
TMEM177,12,0.00012943610249029476,0.3898858075040783,0.0014850668627850647
AKT3,12,8.605716716099382e-05,0.40033500837520936,0.0022689973540887323
IL33,12,0.0011031465481119935,0.45265151515151514,0.00211749781842043
CTSL,11,0.0006815695591983474,0.3918032786885246,0.002478480390826493
UQCC3,11,1.614317201849286e-05,0.3861066235864297,0.00132651180291813
CAPN2,11,4.599483432857787e-05,0.3842443729903537,0.0021031984864704127
CMC2,11,9.351377232961066e-05,0.38673139158576053,0.0014193125196743546
CAMK2B,11,0.0004908632762941302,0.37227414330218067,0.0023240165974791633
LMNA,11,0.0002960089628761039,0.3956953642384106,0.002203837611347341
CAMK2G,10,0.00022790246053921995,0.38362760834670945,0.0021514323145271855
RB1CC1,10,0.0018910292968397754,0.37816455696202533,0.0031716715470113915
ACTG1,10,0.0040364589311555794,0.4578544061302682,0.0020799143403698317
CMC1,10,2.021978499414509e-05,0.35778443113772457,0.0013273747714683086
CTSZ,9,0.00039226276066287415,0.34992679355783307,0.002348421802246114
DAPK1,8,6.36226685399753e-05,0.38362760834670945,0.0017728382582675103
CD14,8,2.3816629299681125e-05,0.3648854961832061,0.0016892854773507802
SDHAF2,7,0.0004261670082165104,0.44840525328330205,0.0012022119051944878
CTSC,7,2.2380555188853437e-05,0.33661971830985915,0.0018329861788559366
VAMP8,7,0.00036046165970386463,0.3509544787077827,0.0021620688188218494
CTSH,7,0.0004646470103995018,0.3817891373801917,0.0018039480252188692
PRKAA2,7,0.0034391986126490995,0.4113597246127367,0.001981793961378736
SMIM20,7,3.640224309622913e-05,0.39700996677740863,0.0010846576582874824
ITPR2,6,0.0003331431639675306,0.3671274961597542,0.0014498415830439776
WIPI1,6,4.218176710028055e-05,0.34388489208633094,0.0020536661889697227
RAB8A,6,0.009791651749799977,0.38486312399355876,0.0026499576639387977
PNKD,6,4.393408701699515e-05,0.3757861635220126,0.0010603950603370192
STEAP3,6,0.010533287898454216,0.38673139158576053,0.0026652866724291057
GLUD1,6,0.0002267415564106208,0.42526690391459077,0.0012613604587388301
LYRM2,5,0.0,0.38118022328548645,0.0009551015971277182
SPATA2,5,0.0,0.34890510948905107,0.001285634792829057
ATG4A,5,0.0,0.34045584045584043,0.0018517678512566052
PRNP,5,1.9884039872788507e-05,0.3799682034976153,0.001302116323692439
VMP1,5,0.0,0.34045584045584043,0.0018517678512566054
SLC3A2,5,0.002391254443449024,0.387987012987013,0.0018725692453018215
DAPK3,5,4.804688843576365e-05,0.38118022328548645,0.0013927211409509258
TYMP,4,8.191011480932125e-05,0.44672897196261685,0.0009370407853067835
SPTA1,4,1.9786133139015878e-05,0.37936507936507935,0.0012019071076855192
GLUD2,4,9.960016385620671e-05,0.4092465753424658,0.0010567463854978343
PLA2G4A,4,7.46894421519083e-06,0.3551263001485884,0.0012200741197243435
ACSL1,3,0.003961303012020926,0.401006711409396,0.0012946583737480134
ACP1,3,0.00018056803137969017,0.4283154121863799,0.0008721373701562162
LPCAT3,3,0.00011674260793677431,0.3060179257362356,0.001687843429344115
MRAS,3,0.0,0.3301104972375691,0.001087487780453973
PARP4,3,0.0,0.36048265460030166,0.0010233377805817013
DUSP16,3,0.0,0.3540740740740741,0.0010221488711709247
RRAS,3,0.0,0.3301104972375691,0.001087487780453973
CAMKK2,2,9.79471286422519e-06,0.30253164556962026,0.0010416027422604634
DEPTOR,2,0.0,0.3052362707535121,0.0010872563084784578
CHMP2A,2,0.0,0.29433497536945813,0.0009182417233554003
RAB39B,2,0.0,0.33709449929478136,0.0011591295004802307
CEP89,1,0.0,0.27823050058207216,0.0010004497954173531
MR1,1,0.0,0.3178191489361702,0.0006943899511544057
SLC39A14,1,0.0,0.27920560747663553,0.0010026223526084835
