Gene,Pathways,Complexes
ACAD9,,Complex I
NDUFAF7,,Complex I
NDUFB4,,Complex I
NDUFB7,,Complex I
NDUFS7,,Complex I
NDUFA2,,Complex I
NDUFA10,,Complex I
NDUFB5,,Complex I
NDUFAF1,,Complex I
FOXRED1,,Complex I
NDUFS3,,Complex I
SDHA,,Complex I;Complex II
NDUFA9,,Complex I
UQCRC2,,Complex I;Complex III;Complex II
NDUFB10,,Complex I
ECSIT,,Complex I
NDUFS6,,Complex I
NDUFB11,,Complex I
NDUFB9,,Complex I
NDUFC2,,Complex I
NUBPL,,Complex I
NDUFAF2,,Complex I
NDUFS4,,Complex I
NDUFB8,,Complex I
NDUFA7,,Complex I
TMEM70,,Complex I;Complex V
MT-ND5,,Complex I
SCO2,,Complex I;Complex IV
COX6B1,,Complex I;Complex IV
SDHB,,Complex I;Complex II
ACSL1,Ferroptosis,
ATPAF2,,Complex V
ATPAF1,,Complex V
NDUFA4,,Complex I;Complex IV
SURF1,,Complex I;Complex IV
NDUFB2,,Complex I
BCS1L,,Complex I;Complex III;Complex II
NDUFB6,,Complex I
NDUFA3,,Complex I
MT-ATP6,,Complex V
NDUFA6,,Complex I
NDUFB1,,Complex I
NDUFC1,,Complex I
COA5,,Complex I;Complex IV
NDUFV3,,Complex I
NDUFA5,,Complex I
MT-ND1,,Complex I
NDUFA12,,Complex I
NDUFB3,,Complex I
NDUFA11,,Complex I
NDUFA8,,Complex I
NDUFAB1,,Complex I
NDUFS1,,Complex I
NDUFV2,,Complex I
NDUFA1,,Complex I
MT-ND2,,Complex I
NDUFAF6,,Complex I
NDUFS8,,Complex I
NDUFV1,,Complex I
COA1,,Complex I;Complex IV
NDUFAF5,,Complex I
TMEM186,,Complex I
NDUFAF4,,Complex I
NDUFS5,,Complex I
NDUFA13,,Complex I
NDUFAF3,,Complex I
NDUFS2,,Complex I
TMEM126B,,Complex I
TIMMDC1,,Complex I
ACP1,,Complex I
ACTB,Apoptosis,
LPCAT3,Ferroptosis,
CASP1,Pyroptosis;Necroptosis,
TNFRSF1A,Apoptosis;Necroptosis,
NGFR,Apoptosis,
UQCRC1,,Complex I;Complex III;Complex II
HMOX1,Ferroptosis,
RIPK3,Necroptosis,
NFKBIA,Apoptosis,
NFKB1,Apoptosis,
CTSD,Apoptosis;Autophagy,
PYCARD,Necroptosis,
KRAS,Apoptosis;Autophagy,
RIPK1,Apoptosis;Necroptosis,
STAT3,Necroptosis,
CASP6,Apoptosis,
TP53,Apoptosis;Pyroptosis;Ferroptosis,
TNFRSF10B,Apoptosis;Necroptosis,
IL18,Pyroptosis,
BAX,Apoptosis;Pyroptosis;Necroptosis,
TLR3,Necroptosis,
SDHAF2,,Complex I;Complex II
FADD,Apoptosis;Necroptosis,
MAP2K1,Apoptosis;Autophagy,
ITPR1,Apoptosis;Autophagy,
MLKL,Necroptosis,
PRKACA,Autophagy,
CASP3,Apoptosis;Pyroptosis,
CFLAR,Apoptosis;Necroptosis;Autophagy,
CASP2,Apoptosis,
STAT2,Necroptosis,
ULK1,Autophagy,
LAMP1,Autophagy,
STAT5A,Necroptosis,
CTSL,Apoptosis;Autophagy,
CTSB,Apoptosis;Autophagy,
CASP8,Apoptosis;Necroptosis,
STAT1,Necroptosis,
MT-CO1,,Complex I;Complex IV
MT-CYB,,Complex I;Complex III;Complex II
MT-CO2,,Complex I;Complex IV
SDHC,,Complex I;Complex II
LMNA,Apoptosis,
CTSS,Apoptosis,
MCL1,Apoptosis,
CASP7,Apoptosis,
PRKACB,Autophagy,
JUN,Apoptosis,
ITPR3,Apoptosis,
SLC3A2,Ferroptosis,
CYBB,Necroptosis;Ferroptosis,
IL33,Necroptosis,
SQSTM1,Necroptosis;Autophagy,
STEAP3,Ferroptosis,
MAPK8,Apoptosis;Necroptosis;Autophagy,
RELA,Apoptosis,
CASP4,Pyroptosis,
MAPK9,Apoptosis;Necroptosis;Autophagy,
PRF1,Apoptosis,
PRNP,Ferroptosis,
PIK3R1,Apoptosis;Autophagy,
IKBKB,Apoptosis,
TYK2,Necroptosis,
GSDMD,Pyroptosis,
DNM1L,Necroptosis,
COX4I1,,Complex I;Complex IV
ACTG1,Apoptosis,
FAS,Apoptosis;Necroptosis,
AKT3,Apoptosis;Autophagy,
CAMK2A,Necroptosis,
CTSZ,Apoptosis,
SPTA1,Apoptosis,
AIFM1,Apoptosis;Necroptosis,Complex I
COX15,,Complex I;Complex IV
TTC19,,Complex I;Complex III;Complex II
GLUD1,Necroptosis,
BAK1,Apoptosis;Pyroptosis,
COA7,,Complex I;Complex IV
PDPK1,Apoptosis;Autophagy,
PIK3CB,Apoptosis;Autophagy,
ATG4A,Autophagy,
RB1CC1,Autophagy,
WIPI1,Autophagy,
VMP1,Autophagy,
COX11,,Complex I;Complex IV
MT-ATP8,,Complex V
UQCC1,,Complex I;Complex III;Complex II
LYRM7,,Complex I;Complex III;Complex II
DMAC2L,,
SCO1,,Complex I;Complex IV
COX17,,Complex I;Complex IV
UQCR10,,Complex I;Complex III;Complex II
SDHAF1,,Complex I;Complex II
SLC25A4,Necroptosis,
CASP10,Apoptosis,
CAPN2,Apoptosis;Necroptosis,
TRADD,Apoptosis;Necroptosis,
TIMM21,,Complex I;Complex IV
CMC2,,Complex I;Complex IV
COX6A1,,Complex I;Complex IV
COX5B,,Complex I;Complex IV
TACO1,,Complex I;Complex IV
COX7A1,,Complex I;Complex IV
UQCRFS1,,Complex I;Complex III;Complex II
UQCRH,,Complex I;Complex III;Complex II
CYC1,,Complex I;Complex III;Complex II
COX5A,,Complex I;Complex IV
COX8A,,Complex I;Complex IV
COX19,,Complex I;Complex IV
COA3,,Complex I;Complex IV
MT-CO3,,Complex I;Complex IV
COA6,,Complex I;Complex IV
COX7A2,,Complex I;Complex IV
SDHD,,Complex I;Complex II
COX7A2L,,Complex I;Complex IV
UQCRQ,,Complex I;Complex III;Complex II
PET100,,Complex I;Complex IV
UQCC2,,Complex I;Complex III;Complex II
COX6C,,Complex I;Complex IV
UQCC3,,Complex I;Complex III;Complex II
COX7B,,Complex I;Complex IV
COA4,,Complex I;Complex IV
UQCR11,,Complex I;Complex III;Complex II
COX7C,,Complex I;Complex IV
UQCRB,,Complex I;Complex III;Complex II
CAMK2G,Necroptosis,
IFNGR1,Necroptosis,
ITPR2,Apoptosis,
CAMK2B,Necroptosis,
CAMKK2,Autophagy,
PRKAA2,Autophagy,
TANK,Autophagy,
RBCK1,Necroptosis,
TNFAIP3,Necroptosis,
TRAF1,Apoptosis,
PRKCQ,Autophagy,
DAPK3,Autophagy,
DAPK1,Autophagy,
PARP4,Apoptosis,
STAT4,Necroptosis,
CD14,,Complex I
CEP89,,Complex I;Complex IV
RAB8A,Autophagy,
CHMP2A,Pyroptosis;Necroptosis,
CMC1,,Complex I;Complex IV
COX14,,Complex I;Complex IV
PET117,,Complex I;Complex IV
MT-ND4,,Complex I
SMIM20,,Complex I;Complex IV
PNKD,,Complex I;Complex IV
TMEM177,,Complex I;Complex IV
COX18,,Complex I;Complex IV
HIGD1A,,Complex I;Complex IV
COX20,,Complex I;Complex IV
CTSH,Apoptosis,
CTSC,Apoptosis,
VAMP8,Autophagy,
DEPTOR,Autophagy,
DUSP16,,
TMEM126A,,Complex I
GLUD2,Necroptosis,
SPATA2,Necroptosis,
PLA2G4A,Necroptosis,
LYRM2,,Complex I
RRAS,Autophagy,
MRAS,Autophagy,
MR1,,Complex I;Complex IV
TYMP,,Complex I;Complex IV
RAB39B,Autophagy,
SLC39A14,Ferroptosis,
